id,pubdate,headline,title,body
1,2016-04-02,エボラ 終息宣言の地で感染者,エボラ熱、終息宣言のリベリアで新たな感染者 30歳の女性が死亡,【AFP＝時事】エボラ出血熱の終息宣言から2か月以上たったリベリアの首都モンロビア（Monrovia）で今週、新たにエボラウイルス感染者の女性（30）が死亡していたことが分かった。(ＡＦＰ＝時事)
2,2016-03-23,エボラ再発 ギニアで死者5人,エボラ熱再発、ギニアで死者5人に＝隣国リベリアは国境閉鎖,　【ロンドン時事】AFP通信によると、西アフリカ・ギニア政府のエボラ出血熱対策部門報道官は22日、再発したエボラ熱による死者が5人になったことを明らかにした。(時事通信)
3,2016-03-17,西アフリカ エボラ熱「終息」,西アフリカのエボラ熱「終息」＝高い警戒維持―WHO,　【ベルリン時事】世界保健機関（WHO）は17日、西アフリカのシエラレオネでエボラ出血熱の感染が終息したと宣言した。(時事通信)
4,2016-01-27,エボラ予防 営業停止で暴動,エボラ予防措置めぐり住民が警察と衝突、3人重傷 シエラレオネ,【AFP＝時事】西アフリカ・シエラレオネ北部のバモイルマ（Bamoi Luma）で26日、当局がエボラ出血熱の死者に接触した恐れがある人々を追跡し、市場や商店に出した営業停止命令を実施させようとしたところ、怒った地元住民が警察と衝突し、若者3人が重傷を負った。(ＡＦＰ＝時事)
5,2016-01-15,エボラ熱の終息を宣言 WHO,WHO、エボラ出血熱の終息を宣言,【AFP＝時事】世界保健機関（WHO）は14日、2年間にわたって西アフリカで猛威を振るったエボラ出血熱について、最後の感染国だったリベリアでの終息を受け、流行が終息したと宣言した。(ＡＦＰ＝時事)
6,2015-11-25,エボラ終息宣言の国で死者,エボラ終息宣言後初の死者、リベリア,【AFP＝時事】西アフリカのリベリアで、先週にエボラ出血熱の感染が確認されていた10代の少年が死亡した。9月に公式の終息宣言が出されて以来初の死者となる。当局者が24日、明らかにした。(ＡＦＰ＝時事)
7,2015-11-20,エボラ終息の地で新規患者,エボラ終息宣言のリベリア、新規患者を確認 WHO,【AFP＝時事】世界保健機関（WHO）は20日、リベリアでエボラ出血熱の新規患者を確認した。リベリアは9月にエボラ感染の終息を宣言していた。(ＡＦＰ＝時事)
8,2015-11-07,シエラレオネもエボラ終息,エボラ出血熱終息宣言＝シエラレオネ―対策重点は残るギニアに,　【ベルリン時事】世界保健機関（WHO）は7日、西アフリカのシエラレオネでエボラ出血熱の感染が終息したと宣言した。(時事通信)
9,2015-10-15,エボラ 回復した英国人重体に,英国人患者が重体＝一度回復しながら再入院―エボラ出血熱,　【ロンドン時事】西アフリカのシエラレオネでエボラ出血熱に感染後、治療を受けて完全回復したはずの英国人が、再入院し重体になっていることが分かった。(時事通信)
10,2015-10-08,エボラ感染 初の1週間ゼロ,エボラ新規患者数ゼロに、14年3月以降初 WHO週次調査,【AFP＝時事】国連（UN）の世界保健機関（World Health Organization、WHO）は7日、エボラ出血熱の新規患者が、先週は一人も確認されなかったと発表した。1週間を通して新規患者が発生しなかったのは2014年3月以来、1年半ぶりという。エボラ出血熱は致死率の高い感染症。(ＡＦＰ＝時事)
11,2015-09-05,シエラレオネ エボラ隔離措置,新たなエボラ死者で約1000人を隔離措置、シエラレオネ,【AFP＝時事】シエラレオネで67歳の女性がエボラ出血熱で死亡したことを受け、1000人近い村民を隔離状態に置いていることを地元当局が4日、明らかにした。(ＡＦＰ＝時事)
12,2015-08-25,エボラ患者ゼロ シエラレオネ,シエラレオネ、エボラ患者ゼロに 終息宣言へ秒読み,【AFP＝時事】シエラレオネで確認されていた最後のエボラ出血熱患者が24日、退院し、多数の死者を出した同国のエボラ熱流行がようやく終息したとの期待が高まっている。(ＡＦＰ＝時事)
13,2015-08-22,日本発エボラ薬 注射版開発へ,エボラ薬、注射剤を開発＝高齢者らに対応―富士フイルム,　エボラ出血熱への治療効果が期待されている抗インフルエンザウイルス薬「アビガン」について、開発企業の富士フイルムは21日、注射剤版の開発を検討していることを明らかにした。同社は「高齢者など経口剤を使えない人も多い」と狙いを説明する。(時事通信)
14,2015-07-30,エボラ発症者 過去1年で最少,エボラ新規患者数が最少に、過去1年で 一部感染再拡大の恐れも,【AFP＝時事】世界保健機関（World Health Organization、WHO）は29日、西アフリカで大流行を起こしたエボラ出血熱の1週間当たりの新規患者数が、過去1年あまりで最少になったと発表した。その一方で、シエラレオネでは深刻な感染が再発する恐れがあると述べ、依然として予断を許さない状況にあることを明らかにしている。(ＡＦＰ＝時事)
15,2015-07-16,エボラ再発 元患者が感染源か,リベリアのエボラ再発、元患者が感染源か WHO,【AFP＝時事】世界保健機関（World Health Organization、WHO）は15日、リベリアで再び確認されたエボラ出血熱の新規患者の感染源が、回復後もウイルスを保持していた元患者だった可能性が高いと発表した。(ＡＦＰ＝時事)
16,2015-06-30,エボラの謎 数年間雲隠れ?,エボラの謎：次の流行までの潜伏先は？,　西アフリカで発生したエボラ出血熱（エボラウイルス病）の大流行は、世界を脅威に陥れた。今回の大流行では、2013年末にギニアで死亡した男児が最初の患者とみられ、その後シエラレオネ、リベリアにも流行が拡大。流行は都市部にも広がり、感染者数が過去40年間の合計を上回る事態となった。(ナショナル ジオグラフィック日本版)
17,2015-05-08,エボラ回復後 目からウイルス,エボラ回復後に目からウイルス検出、初の事例を米国で確認,【AFP＝時事】血液中からエボラウイルスが消えて数か月がたった患者の目の中から、ウイルスが初めて検出されたとの報告書が7日、米医学誌「ニューイングランド医学ジャーナル（New England Journal of Medicine）」で発表された。(ＡＦＰ＝時事)
18,2015-04-19,エボラ治療職員 手当求めデモ,危険手当求めデモ＝エボラ出血熱治療の医療職員―リベリア,　【モンロビアAFP＝時事】エボラ出血熱が流行した西アフリカ・リベリアの首都モンロビアで17～18日にかけ、エボラ熱患者の治療に携わった医療職員約700人が危険手当の支払いを要求するデモを行った。(時事通信)
19,2015-04-08,エボラ11分で判定 試薬開発,エボラ判定時間6分の1に＝ギニアで試薬テスト―長崎大・東芝,　長崎大と東芝は8日、共同開発したエボラ出血熱の感染の有無を迅速に判定できる検査試薬を西アフリカのギニアで実地テストした結果、判定の所要時間を従来の約6分の1程度まで短縮できたと発表した。(時事通信)
20,2015-04-01,15分でエボラ検査 開発に成功,電気化学、エボラ診断薬の試作品開発,　電気化学工業 <4061> は31日、サルの血清を用いた北海道大学との共同研究で、エボラウイルスへの感染を約15分で検査することが可能な診断薬の試作品開発に成功したと発表した。今後、ヒトの血清を用いた試験など、実用化に向け開発を進める。　(時事通信)
21,2015-03-30,エボラ熱との闘い 最終局面,エボラ熱との闘い「最終局面」＝国連高官,　【コナクリAFP＝時事】国連エボラ緊急対応派遣団（UNMEER）のアフメド代表は29日、エボラ出血熱との闘いが「最終局面に入った」との認識を示した上で、「今が最も重要な時。現状への満足が最大の敵だ」と述べ、対策の手を緩めるべきではないと訴えた。(時事通信)
22,2015-03-27,エボラ 新ワクチンを開発,エボラの新ワクチン開発＝サルで効果、安全性向上―東大など,　エボラ出血熱に有効な新たなワクチンの開発に、東京大医科学研究所や米ウィスコンシン大などの研究チームが成功した。米国内で実施したサルを使った実験で有効性が確認され、現在臨床試験が進められているワクチンよりも安全性が高いという。論文は26日、米科学誌サイエンス電子版に掲載された。(時事通信)
23,2015-03-24,国境なき医師団とWHOが舌戦,エボラ対応の遅れ、国境なき医師団とWHOが相互に非難,【AFP＝時事】1年余り前に感染拡大が始まったエボラ出血熱対策の遅れをめぐり、援助団体の国境なき医師団（Doctors Without Borders、MSF）と国連（UN）の世界保健機関（World Health Organization、WHO）との間で23日、舌戦が勃発した。両組織が、問題の責任は相手側にあると互いに非難し合っている。(ＡＦＰ＝時事)
24,2015-03-16,40代男性、エボラ熱検査へ,リベリアから帰国後発熱＝40代男性、エボラ熱検査―厚労省,　厚生労働省は16日、エボラ出血熱が流行する西アフリカのリベリアから帰国した東京都の40代男性が発熱を訴え、都内の病院に搬送されたと発表した。簡易検査でマラリアと診断されたが、念のため男性の血液を国立感染症研究所村山庁舎（東京）に送り、感染の有無を検査する。(時事通信)
25,2015-03-15,米国人数人 エボラ感染の恐れ,米国人数人、エボラ感染の恐れ＝西アフリカから搬送―CDC,　【ワシントン時事】米疾病対策センター（CDC）は14日、西アフリカのシエラレオネで米国人数人がエボラ出血熱に感染した恐れがあり、空路で米国に搬送すると発表した。国立衛生研究所（NIH）など3カ所の医療施設で21日間、経過観察を行う。(時事通信)
26,2015-03-13,エボラ死者1万人超 勢い鈍化,エボラ熱死者1万人超＝勢い鈍化、終息も視野―西アフリカ,　【ベルリン時事】世界保健機関（WHO）は12日、流行が続くエボラ出血熱による西アフリカ3カ国の死者（疑い例含む）が1万人を超えたと発表した。感染者（同）はこれまでに2万4350人に上っている。(時事通信)
27,2015-02-24,日本のエボラ薬 一部に有効,エボラ薬、一部患者に有効＝臨床試験で中間結果―富士フイルム,　富士フイルムは24日、エボラ出血熱の治療効果が期待されている抗インフルエンザウイルス薬「アビガン錠」について、臨床試験で一部の患者に有効性が示唆されたと発表した。ウイルス量が中程度の患者への投与で死亡率が半減したという。(時事通信)
28,2015-02-16,エボラ最大の被害国 現地取材,エボラ蔓延、シエラレオネはなぜ無防備だった？,"世界報道写真賞受賞！ エボラ被害国の実情ルポ（第1回）
厳戒態勢が続くエボラ最大の被害国の一つ、アフリカ西部のシエラレオネを現地取材した。エボラ被害はなぜここまで拡大したのか。世界報道写真賞を受賞した写真とともに検証する。(ナショナル ジオグラフィック日本版)"
29,2015-01-24,エボラ 資金難で感染防止に壁,エボラ感染拡大防止にピンチ、２月に資金尽きる恐れ－ＷＨＯ,　　（ブルームバーグ）：資金と人材の不足によって、西アフリカのエボラ出血熱流行への対応が進展を阻まれる恐れが出てきたと、世界保健機関（ＷＨＯ）が明らかにした。同地域で雨季が４月に始まる前に、感染拡大を食い止めたいとしている。(Bloomberg)
30,2015-01-16,エボラ感染、楽観できる兆候,感染拡大、勢い鈍る＝西アフリカのエボラ熱―WHO,　【ジュネーブAFP＝時事】世界保健機関（WHO）は15日、エボラ出血熱に関する最新の統計を発表し、特に被害が大きい西アフリカ3カ国で感染拡大の勢いが鈍ってきたとの見方を示した。WHOスポークスマンはAFP通信に、「闘いが終わったわけではない」と強調しながらも、「楽観できる最初の兆候」と述べた。(時事通信)
31,2015-01-10,エボラワクチン 現地で試験へ,エボラワクチンの第3相臨床試験、近く西アフリカ3か国で開始,【AFP＝時事】世界保健機構（World Health Organization、WHO）は9日、エボラ出血熱が猛威をふるう西アフリカのギニア、シエラレオネ、リベリアの3国で、安全性が確認されたワクチン2種について、効果を確かめるため人体への試験的投与を数週間以内にも開始すると発表した。(ＡＦＰ＝時事)
32,2015-01-09,エボラ感染源は小型コウモリ?,エボラウイルスの感染源に意外な動物,　西アフリカで依然としてエボラ出血熱が猛威を振るうなか、科学者らはいまだ解明されていないウイルスの謎に迫ろうと研究を続けている。1976年に初めて人間への感染が確認されたエボラウイルスは、普段は一体どこに隠れているのだろうか。(ナショナル ジオグラフィック日本版)
33,2014-12-30,エボラ感染者 2万人を超える,エボラ熱感染2万人超える＝死者は7842人に―西アフリカ,　【ベルリン時事】世界保健機関（WHO）の29日の最新統計によると、西アフリカ3カ国でのエボラ出血熱の感染者（疑い例含む）が2万81人となり、2万人を超えた。死者（同）は7842人に上っている。(時事通信)
34,2014-12-29,帰国の日本人男性 エボラ疑い,シエラレオネから帰国後発熱＝都内の男性、エボラ感染検査―厚労省,　エボラ出血熱が流行している西アフリカ・シエラレオネから帰国した東京都内に住む30代の日本人男性から、29日に発熱したと保健所に連絡があった。男性は国立国際医療研究センター病院（東京）に入院。厚生労働省は男性の血液を国立感染症研究所村山庁舎に送り、念のためエボラ熱感染の有無を検査する。検査結果は早ければ29日夜に判明する。(時事通信)
35,2014-12-27,エボラ 2015年は流行終止符か,エボラ出血熱、2015年は流行に終止符か,【AFP＝時事】アフリカ中部で過去数十年間にわたり死者を伴う短期的な流行を繰り返してきたエボラ出血熱は2014年、突如、世界規模の緊急事態を引き起こした。だが、この危機を医学史上の些細な出来事に追いやってしまおうとする科学者たちの奮闘により、流行は下り坂になりつつある。(ＡＦＰ＝時事)
36,2014-12-23,エボラ熱の死者 7500人超える,エボラ出血熱の死者、7500人超える,【AFP＝時事】世界保健機関（WHO）は22日、エボラ出血熱の流行による死者が7500人を超え、感染者は2万人に近づいていると発表した。(ＡＦＰ＝時事)
37,2014-12-21,エボラ熱の死者 7000人超える,エボラ熱の死者、7000人超す＝西アフリカ3カ国―WHO,　【ベルリン時事】世界保健機関（WHO）の19日付の統計によると、エボラ出血熱による死者（疑い例含む）が西アフリカのシエラレオネ、リベリア、ギニアの3カ国で7373人となった。感染者は1万9031人に上っている。(時事通信)
38,2014-12-18,エボラ熱 100万人飢餓の恐れ,100万人飢餓の恐れ＝エボラ熱で西アフリカ―国連,　【ベルリン時事】国連世界食糧計画（WFP）などは17日、エボラ出血熱の感染が集中している西アフリカのギニア、リベリア、シエラレオネで、食料事情が大幅に改善しない限り、2015年3月までに100万人以上が深刻な食料不足に陥る恐れがあると訴えた。(時事通信)
39,2014-12-10,日本発エボラ薬 中国が模造か,中国でエボラの模造薬か＝富士フイルムが調査,　富士フイルムホールディングス（HD）は10日、子会社が開発し、エボラ出血熱の治療薬候補として注目される「アビガン」について、中国医薬品大手「四環医薬」が模造薬を製造している可能性があると明らかにした。富士フイルムHDは在日中国大使館に調査を求めるなど事実の究明を進めており、特許侵害が確認されれば提訴も視野に入れる。(時事通信)
40,2014-12-10,アビガン 中国企業が模造薬か,中国でエボラの模造薬か＝富士フイルムが調査,　富士フイルムホールディングス（HD）は10日、子会社が開発し、エボラ出血熱の治療薬候補として注目される「アビガン」について、中国医薬品大手「四環医薬」が模造薬を製造している可能性があると明らかにした。富士フイルムHDは在日中国大使館に調査を求めるなど事実の究明を進めており、特許侵害が確認されれば提訴も視野に入れる。(時事通信)
41,2014-12-06,エボラ 伝統的葬儀営めば投獄,伝統的葬儀営めば投獄＝エボラ熱対策で政府方針―シエラレオネ,　【フリータウンAFP＝時事】エボラ出血熱が依然として拡大傾向にある西アフリカのシエラレオネ政府は5日、エボラ熱で死亡した人の遺体を埋葬前に洗い清めた場合、家族全員を投獄すると発表した。死者に触れる伝統的な風習が患者の体液を介して感染するエボラ熱を広めていることから、厳しい対応に乗り出した。(時事通信)
42,2014-12-02,エボラ死者 1000人下方修正,エボラ熱死者、大幅下方修正＝リベリアの1000人間違い―WHO,　【ジュネーブ時事】世界保健機関（WHO）は1日、西アフリカのリベリア、シエラレオネ、ギニア3カ国のエボラ出血熱の感染死者が、11月28日までで疑い例を含め「計5987人だった」と発表した。前回、11月25日までの死者数として「6928人」と公表していたが、1000人近く大幅に下方修正した。リベリアの死者1000人超が実際にはエボラ熱感染ではないと判明したことが原因だと釈明している。(時事通信)
43,2014-11-30,エボラ死者7千人に迫る WHO,エボラ熱死者7000人迫る＝リベリアで急増―WHO,　【ジュネーブ時事】世界保健機関（WHO）は29日までに、西アフリカのリベリア、シエラレオネ、ギニア3カ国でのエボラ出血熱について、疑い例を含む感染者が25日時点で計1万6169人、死者が6928人に達したと発表した。リベリアの死者が前回公表時の26日時点から1100人以上増加した。(時事通信)
44,2014-11-27,エボラが映す「人命の格差」,「エボラからの生還」が映す人命の南北格差,"エボラ出血熱が世界中に暗雲を漂わせたまま、２０１４年は暮れようとしている。

　その流行が今春、アフリカ西部で始まったころ、日本のメディアはほとんどとりあげなかった。ところが８月以降、流行地帯で感染、発病した人が欧米の国々に治療のために戻ってきて、先進国でも感染の可能性が出てくるとニュース量がぐんと増えた。対照的なのは欧州メディアだ。英国ＢＢＣの電子版サイトは３月、すでにアフリカ西部でエボラ出血熱に対する警戒感が高まっていることを伝えていた。 (尾関章)"
45,2014-11-22,エボラ熱の死者5459人 WHO,エボラ熱死者5459人＝WHO,　【ジュネーブ時事】世界保健機関（WHO）は21日、西アフリカで感染が拡大しているエボラ出血熱に関し、疑い例を含む感染者が18日までに計1万5351人、死者が5459人に上ったと発表した。(時事通信)
46,2014-11-18,エボラ感染の医師死亡 米病院,エボラ熱感染の医師死亡＝シエラレオネで発症―米病院,　【ニューヨーク時事】米ネブラスカ州オマハの病院は17日、西アフリカのシエラレオネでエボラ出血熱に感染し、同病院で治療を受けていた男性医師マーティン・サリア氏（44）が死亡したと発表した。米国内で死亡したエボラ熱患者は2人目。(時事通信)
47,2014-11-15,エボラ治療法 効果ありは皆無,ＷＨＯがエボラ熱治療法を精査、効果示すものはまだ皆無,［ジュネーブ　１４日　ロイター］ - 世界保健機関（ＷＨＯ）は１４日、エボラ出血熱患者に行う可能性がある１２０超の治療法について精査し始めたと明らかにした。だがこれまでのところ、確実に効果が表れたものは皆無で、一部はまったく効果が無かった。(ロイター)
48,2014-11-13,エボラ死者5千人超える WHO,エボラ熱の死者、5000人超える マリで感染拡大の恐れ,【AFP＝時事】世界保健機関（World Health Organization、WHO）は12日、世界8か国でのエボラ出血熱での死者が5160人に達したと発表した。死者を含む感染者は1万4098人。(ＡＦＰ＝時事)
49,2014-11-11,エボラ感染のNY医師が治癒,エボラ感染のNY医師治癒＝米、患者ゼロに,　【ニューヨーク時事】米ニューヨーク市の保健当局は10日の声明で、西アフリカのギニアでエボラ出血熱患者の治療に従事し、帰国直後の10月23日にエボラ熱を発症、市内の病院で隔離治療を受けていた米国人医師クレイグ・スペンサーさん（33）が治癒したことを明らかにした。11日に退院する。(時事通信)
50,2014-11-01,エボラ治療薬 開発間に合うか,加速するエボラ薬開発＝富士フイルム先行、効果は未知数〔深層探訪〕,　有効な治療手段がなく西アフリカで猛威を振るうエボラ出血熱に対し、各国機関や製薬企業が治療薬やワクチンの開発を加速させている。11月には富士フイルムグループが開発したインフルエンザ薬の臨床試験が始まるほか、予防ワクチンの試験も進展。完成すれば「感染地の人々や医療従事者にとって福音になる」（国立感染症研究所ウイルス第1部の西條政幸部長）と期待も広がる。しかし、いずれも効果は未知数。爆発的な感染拡大が懸念されるエボラ熱禍の終息はまだ見えない。(時事通信)
51,2014-10-27,邦人看護師が見たエボラ惨状,日本人看護師が現地で見たエボラの真実,　西アフリカで猛威を振るっているエボラ出血熱。大滝潤子さんは7月から、国境なき医師団(MSF)から日本人2人目の看護師としてシエラレオネに派遣された。そこで目の当たりにした現地の惨状や、患者の救命にかける想いを語った。(東洋経済オンライン)
52,2014-10-25,エボラ 感染や疑い1万人突破,エボラ熱感染、1万人突破＝死者は5000人近く―WHO,　【ジュネーブ時事】世界保健機関（WHO）は25日、西アフリカで発生したエボラ出血熱について、疑い例を含む感染者が23日までに計1万141人に達したと発表した。(時事通信)
53,2014-10-22,エボラから1000人回復 医師団,国境なき医師団、エボラ出血熱の回復者が1000人に達したと発表,【AFP＝時事】西アフリカでまん延している致死性の高いエボラ出血熱と最前線で闘っている緊急医療援助団体「国境なき医師団（Doctors Without Borders、MSF）」は21日、エボラ出血熱から回復した患者が1000人に達したと発表した。(ＡＦＰ＝時事)
54,2014-10-21,エボラ取材 記者の恐怖と孤独,取材記者たちが語るエボラ、「見えない、戦争より脅威」,【AFP＝時事】「エボラが流行している国よりも、イラクや中央アフリカ共和国へ行く記者を探す方が難しくない」──そう語るのは、西アフリカのギニアから戻ったばかりの仏国際ラジオ局RFIのクレール・ヘドン（Claire Hedon）氏だ。(ＡＦＰ＝時事)
55,2014-10-20,エボラ変異で強くなる可能性,エボラウイルス、変異で強化の可能性は,　40年前なら、エボラと言えばザイール（現在のコンゴ民主共和国）北部を流れる川の名前にすぎず、なんら不吉な意味はなかった。しかし、川からそう遠くない村で新しいウイルス性疾患が流行。このウイルスは川にちなんで“エボラ”と名付けられ、今や見るに耐えない死や苦難、感染に対する恐怖の代名詞となっている。(ナショナルジオグラフィック 公式日本語サイト)
56,2014-10-19,エボラ熱 米軍に自衛隊派遣へ,自衛隊員の連絡員派遣へ＝エボラ対策、米軍司令部に―防衛省,　防衛省がエボラ出血熱対策で、ドイツにある米アフリカ軍の司令部に、連絡要員として自衛隊員の派遣を検討していることが19日、同省関係者への取材で分かった。早ければ今週中にも派遣し、感染状況などについて情報収集を進める。(時事通信)
57,2014-10-17,エボラ もし日本で発生したら,エボラ出血熱、日本で発生したらどうなる？,　日本でエボラ出血熱に感染した人が出たらどうするのか。どこで治療するのか。薬はあるのか。調べました。(withnews)
58,2014-10-15,エボラ治療従事の76人監視 米,米、医療従事者76人を監視 死亡したエボラ患者の治療に従事,【AFP＝時事】米保健当局は14日、米テキサス（Texas）州ダラス（Dallas）の病院で死亡したリベリア人のエボラ出血熱患者の治療に従事した医療従事者76人が、エボラウイルスに感染した恐れがあり、監視していると明らかにした。(ＡＦＰ＝時事)
59,2014-10-14,エボラ全世界にリスク WHO,エボラ熱、東アジアは対策強化を＝「全世界にリスク」と警告―WHO,　【マニラAFP＝時事】世界保健機関（WHO）のチャン事務局長は13日、フィリピンで開催されたWHO西太平洋地域の年次会合で演説し、西アフリカで猛威を振るうエボラ出血熱が世界的なリスクとなりかねないとして、東アジア・太平洋諸国に対策強化を呼び掛けた。(時事通信)
60,2014-10-10,エボラ看護師が重篤 スペイン,エボラ感染のスペイン女性看護師、「深刻な生命の危機」,【AFP＝時事】アフリカ大陸以外でエボラウイルスに感染した唯一の患者とされるスペイン人看護師は9日容体が悪化し、「深刻な生命の危機」にあると、同国の当局者らが明らかにした。(ＡＦＰ＝時事)
61,2014-10-09,エボラ出血熱 米で初の死者,エボラ患者、米で初の死者,　【ワシントンAFP＝時事】米国内で初めてエボラ出血熱の感染が確認されたリベリア人の男性が8日、入院先のテキサス州の病院で死亡した。(時事通信)
62,2014-10-08,エボラ疑い4人隔離 スペイン,エボラ感染疑い、新たに3人＝発症女性の夫ら隔離―スペイン,　【パリ時事】スペイン保健当局は7日、エボラ出血熱の感染が疑われる3人を新たに隔離したと発表した。(時事通信)
63,2014-10-07,エボラ アフリカ以外で初感染,スペイン看護師がエボラ熱感染＝アフリカ大陸以外で初,　【パリ時事】スペインの首都マドリードの病院で、女性看護師がエボラ出血熱に感染したことが6日、分かった。(時事通信)
64,2014-10-04,エボラ 米軍の派遣規模拡大も,4000人規模に拡大も＝エボラ対策で現地派遣米軍,　【ワシントン時事】米国防総省のカービー報道官は3日、西アフリカで流行するエボラ出血熱の感染拡大阻止に向け、現地に派遣する米兵の規模を、既に動員が決まっている約3200人から約4000人に拡大する可能性もあるとの見通しを示した。(時事通信)
65,2014-10-03,エボラ発症でも平静な米社会,初の「エボラ発症」でもアメリカ社会が平静な理由 - 冷泉彰彦 プリンストン発 日本／アメリカ 新時代,　これまでアメリカ国内では、搬送されたエボラ出血熱患者を３人受け入れており、その全員の治療に成功しています。この３人はいずれも医師などで、エボラウイルスの流行地に赴いて診療を行っているうちに感染しました。最初の２人はジョージア州で、残りの１人はネブラスカ州で、それぞれ隔離の上で治療が行われました。(ニューズウィーク日本版)
66,2014-10-03,エボラ 米の調査対象者100人,「接触可能性」の100人調査＝エボラ熱感染者入国で―米＝,　【ニューヨーク時事】西アフリカのリベリアから先月米国に入国した男性がエボラ出血熱を発症した問題で、米疾病対策センター（CDC）は2日、約100人を対象に男性と接触があったかどうか調査中だと明らかにした。(時事通信)
67,2014-10-02,米エボラ患者 すぐ入院させず,エボラ患者、入院させず＝最大18人が接触―米,　【ワシントン時事】米国内で初めてエボラ出血熱への感染を確認された男性患者が異常を訴えてテキサス州の病院を訪れた際、入院させずに帰していたことが分かった。(時事通信)
68,2014-10-02,米国初エボラ感染者 18人接触,米国初のエボラ感染者、子ども含む最大18人が接触　,［ダラス　１日　ロイター］ - 米国内で初のエボラ出血熱感染者が確認されるなか、ダラス郡の保健当局者は１日、現時点で子どもを含む１２─１８人がこの患者と接触した可能性があるとみて、これらの人々を対象に経過観察を行っていることを明らかにした。(ロイター)
69,2014-10-01,米国でエボラ感染者を初確認,米国でエボラ熱感染者,　【ワシントン時事】米メディアが9月30日、一斉に伝えたところによると、米国内でエボラ出血熱の感染者が確認された。(時事通信)
70,2014-09-27,エボラ熱 死者3000人超える,エボラ熱死者、3000人超＝感染者も急増―WHO,【ジュネーブ時事】世界保健機関（WHO）は26日、西アフリカで猛威を振るうエボラ出血熱による死者が、23日時点で3091人に達したと発表した。疑いを含む感染者は6574人。WHOや国際社会は封じ込めに全力を尽くしているが、感染者は急激な勢いで増加している。(時事通信)
71,2014-09-24,エボラ放置なら感染140万人も,来年1月に感染140万人も＝エボラ熱放置なら―米CDC,　【ワシントン時事】米疾病対策センター（CDC）は23日、西アフリカで猛威を振るうエボラ出血熱について、効果的な対策を拡充せず放置すれば、2015年1月に感染者が55万～140万人に達する可能性があるとの予測を発表した。ただ、流行を抑制するのは可能だとも指摘した。(時事通信)
72,2014-09-23,エボラ熱 死者2800人超える,エボラ出血熱による死者、2811人に WHO,【AFP＝時事】世界保健機関（World Health Organization、WHO）は22日、西アフリカで猛威を振るうエボラ出血熱への感染による死者は2811人に上ったと発表した。一方、セネガルとナイジェリアでの感染拡大は、おおむね封じ込めに至ったとみられることを明らかにした。(ＡＦＰ＝時事)
73,2014-09-19,エボラ熱啓発活動中の7人殺害,啓発活動中の7人殺害＝エボラ熱感染地の村―ギニア,　【コナクリAFP＝時事】ギニア南東部の村ウォメで、エボラ出血熱の啓発活動中だった保健関係者ら7人が遺体で発見された。村人に襲われて殺され、遺体は小学校の浄化槽に投げ込まれていた。ギニア政府が18日、明らかにした。(時事通信)
74,2014-09-17,米 エボラ対策で世界に警告,放置すれば感染数十万人も＝エボラ熱対策で大規模支援―オバマ米大統領,　【ワシントン時事】オバマ米大統領は16日、南部ジョージア州アトランタの疾病対策センター（CDC）で演説し、西アフリカでのエボラ出血熱の流行封じ込めに向けた米軍主導の大規模支援策を発表した。大統領は、流行拡大を今すぐ止めなければ「数十万人が感染する事態に直面する恐れもある」と強調。国際社会には直ちに行動する責任があると訴えた。(時事通信)
75,2014-09-13,エボラ 治った人の血液で治療,エボラ出血熱、治った人の血液で治療 実践にはリスクも,【AFP＝時事】西アフリカで猛威を振るっているエボラ出血熱にかかった2人の米国人医師が、この病気が治った人の血液を輸血されていたことが明らかになった。世界保健機関（World Health Organization、WHO）も推進しようとしているこの療法だが、リスクもあると指摘されている。(ＡＦＰ＝時事)
76,2014-09-12,エボラ熱、死者2400人超える,エボラ熱死者、2400人超＝WHO,　【ジュネーブ時事】世界保健機関（WHO）のチャン事務局長は12日、ジュネーブの本部で記者会見し、西アフリカのエボラ出血熱について、12日時点で死者が2400人を超え、感染者が4784人に達したと明らかにした。　(時事通信)
77,2014-09-09,エボラ感染 数千人増のおそれ,エボラ熱感染、リベリアで数千人増も＝WHOが能力限界を警告,　【ジュネーブ時事】世界保健機関（WHO）は8日、西アフリカのエボラ出血熱で感染者が集中しているリベリアで、今後数週間で新たに数千人の感染者が出る恐れがあると警告した。現地で感染対策センターや病床が著しく不足。「対応能力をはるかに上回るペースで感染が拡大している」と危機感を募らせている。(時事通信)
78,2014-09-05,エボラ熱 ギニアの致死率64％,ギニアの致死率64％＝感染国では2人に1人死亡―エボラ熱,　【ジュネーブ時事】世界保健機関（WHO）は4日、西アフリカで広がるエボラ出血熱の致死率について、感染国のうち最も高いギニアが8月末時点で64．1％だったと発表した。感染国では感染者の2人に1人が命を落とす深刻な状況となっている。(時事通信)
79,2014-09-04,エボラ熱死者、2000人に迫る,エボラ熱死者、2000人に迫る＝対策費630億円超も―WHO,　【ジュネーブ時事】世界保健機関（WHO）のチャン事務局長は3日、西アフリカで猛威を振るうエボラ出血熱に関し「（現時点で）ギニア、シエラレオネ、リベリアでの感染者数は約3500人に達し死者は1900人を超えた」と明らかにした。訪問先のワシントンで記者会見し語った。(時事通信)
80,2014-09-03,エボラ 封じ込めで食料難懸念,エボラ熱拡大で食料難の恐れも、医療団体「封じ込めに敗北」,［モンロビア　２日　ロイター］ - 国連食糧農業機関（ＦＡＯ）は２日、エボラ出血熱が最も猛威を振るっている西アフリカの地域について、食料の価格高騰や不足が発生し、市民らが食料を入手しにくくなっていると指摘した。医療関係者のストライキなども発生しており、感染封じ込めの難しさが浮き彫りになっている。(ロイター)
81,2014-08-30,エボラ新治療薬 サルで効果,サルで治療効果、論文発表＝開発中のエボラ熱新薬―米加チーム,　開発中のエボラ出血熱の新治療薬「ZMapp（ジーマップ）」について、開発元の米医薬品会社マップ・バイオファーマシューティカルやカナダ公衆衛生局の研究所などのチームがアカゲザルに投与した実験結果を論文にまとめ、30日、英科学誌ネイチャー電子版に発表した。投与した18匹が全て回復し、ウイルス感染から5日後の遅い時期に投与され始めたサルも回復した。(時事通信)
82,2014-08-29,エボラワクチン 初臨床試験へ,史上初のエボラワクチン臨床試験、米国で来週開始,【AFP＝時事】米国立アレルギー感染症研究所（National Institute of Allergy and Infectious Diseases、NIAID）のアンソニー・フォーシ（Anthony Fauci）所長は28日、エボラ出血熱ワクチンの初の臨床試験を来週、米国で開始すると発表した。(ＡＦＰ＝時事)
83,2014-08-26,エボラ医師犠牲 前例ない規模,西アフリカのエボラ熱、医療従事者120人以上が犠牲に WHO,【AFP＝時事】世界保健機関（World Health Organization、WHO）は25日、西アフリカでこれまでに120人以上の医療従事者がエボラ出血熱により死亡したと発表した。(ＡＦＰ＝時事)
84,2014-08-26,エボラ未承認薬投与 医師死亡,エボラ出血熱、未承認薬投与のリベリア人医師が死亡,［モンロビア　２５日　ロイター］ - リベリアのブラウン情報相は２５日、エボラ出血熱に感染し、未承認の治療薬「ＺＭａｐｐ」の投与を受けていた医師アブラハム・ボーボー氏が死亡したと明らかにした。(ロイター)
85,2014-08-25,エボラ コンゴで別のウイルス,エボラ熱、コンゴで西アフリカと別に発生確認,［フリータウン／ロンドン　２４日　ロイター］ - アフリカ中部のコンゴ（旧ザイール）で、西アフリカで感染が拡大するエボラ出血熱とは別に感染が確認された。コンゴのカバンゲ保健相によると、首都キンシャサから１２００キロ離れた北部の赤道州でエボラ出血熱の発生を確認。西アフリカで猛威を振るうエボラウイルスとは種類が異なるという。(ロイター)
86,2014-08-22,エボラ米医師 未承認薬で退院,エボラ熱感染の米医師ら退院＝リベリアから帰国、未承認薬で改善,　【ワシントン時事】西アフリカのリベリアでエボラ出血熱に感染し、米ジョージア州アトランタの大学病院で治療を受けていた米国人医師ケント・ブラントリー氏が21日、退院した。CNNなどが伝えた。病院によれば、退院しても他者にウイルスが感染する危険はない。(時事通信)
87,2014-08-16,ユース五輪 エボラで不参加も,ナイジェリアなど参加取りやめ＝エボラ熱感染拡大で―ユース五輪,　【南京時事】国際オリンピック委員会（IOC）のトーマス・バッハ会長は16日、南京ユース五輪開幕を前に中国の南京で記者会見し、エボラ出血熱の感染が拡大している西アフリカのナイジェリアなど3カ国が参加を取りやめたことを明らかにした。(時事通信)
88,2014-08-16,エボラ急拡大で「戦争状態」,エボラ熱拡大は「戦争」＝感染封じ込めに6カ月超―国境なき医師団,　【ジュネーブ時事】国際医療支援団体、国境なき医師団インターナショナルのジョアンヌ・リュー会長は15日、ジュネーブで記者会見し、西アフリカのエボラ出血熱感染が対応能力を超えて急拡大しており、「戦争状態だ」と危機感を訴えた。(時事通信)
89,2014-08-13,エボラ拡大 製薬業界の怠慢も,アングル：エボラ熱拡大、背景には製薬業界の「怠慢」も,［ロンドン　１２日　ロイター］ - 過去最悪の規模となったエボラ出血熱の感染と闘う世界保健機関（ＷＨＯ）の専門家たちは、年末までに治験薬の供給量が増え、ワクチン開発も進展することを期待している。(ロイター)
90,2014-08-12,エボラ、死者が1000人超える,エボラ出血熱、死者が1000人超える＝ＷＨＯ,［ダカール　１１日　ロイター］ - 世界保健機関（ＷＨＯ）は１１日、西アフリカ諸国におけるエボラ出血熱による死者数が１０１３人に達したと発表した。８月９日までの３日間で新たに５２人が死亡したとしている。(ロイター)
91,2014-08-11,エボラの今 現地研究者に聞く,エボラの現状、現地の研究者に聞く,　アメリカ人ウイルス学者ジョセフ・フェア（Joseph Fair）氏は、過去10年間の大部分をシエラレオネで過ごし、現在はシエラレオネ保健省のアドバイザーとしてエボラ対策に取り組んでいる。先月、フェア氏は首都フリータウンから300キロ内陸にある都市ケネマの病院を訪問。古くからの友人らに出迎えられ、温かい抱擁を交わした。だが、その中の3人はその後2週間のうちにエボラ出血熱で命を落とした。世界保健機関（WHO）は金曜日、警告としては最高レベルの「国際的に懸念される公衆衛生上の緊急事態」を宣言した。(ナショナルジオグラフィック 公式日本語サイト)
92,2014-08-08,米でエボラ感染者「不可避」,米国で感染者「不可避」＝エボラ熱対策急ぐ―米,　【ワシントン時事】米疾病対策センター（CDC）のフリーデン所長は7日、西アフリカ4カ国で流行しているエボラ出血熱に関し、現地での感染拡大を制御できなければ、米国内で感染者が見つかる事態は避けられないと警告した。下院外交委員会の小委員会で証言した。(時事通信)
93,2014-08-07,エボラ疑いのサウジ男性死亡,エボラ出血熱疑いのサウジ男性が死亡＝保健省,［リヤド　６日　ロイター］ - シエラレオネ出張中、エボラ出血熱に感染した疑いがもたれていたサウジアラビアの男性が６日、死亡した。サウジアラビア保健省が明らかにした。(ロイター)
94,2014-08-04,エボラ 知るべき5つのこと,エボラ出血熱、知っておくべき5つのこと,　西アフリカでエボラ出血熱の感染拡大が止まらない。医療インフラが不十分な国々で致命的な病気を抑制するのがいかに難しいかが浮き彫りになっている。感染者にはリベリアの治療センターで活動していた2人の米国人医師も含まれる。エボラ出血熱について、知っておくべきことを5つ挙げた。(ウォール・ストリート・ジャーナル)
95,2014-08-03,エボラ感染者 初めて米入国,エボラ熱感染米人が帰国＝2人重い症状,　【ニューヨーク時事】西アフリカのリベリアでエボラ出血熱に感染した米国人男性が2日、チャーター機で帰国し、ジョージア州アトランタ近郊の空軍基地に到着した。CNNなどが伝えた。エボラ感染者の米入国は初めて。(時事通信)
96,2014-08-02,エボラ流行地 封鎖し隔離へ,ギニアなど3か国、エボラ出血熱の流行中心地を隔離へ,【AFP＝時事】ギニア、リベリア、シエラレオネの3か国は1日、700人以上の犠牲者を出し史上最悪の流行となっているエボラ出血熱について、関係国の首脳らが出席した緊急会議で、流行の中心となっている同3か国の国境が接する地域を封鎖して隔離すると宣言した。(ＡＦＰ＝時事)
97,2014-08-01,エボラ非常事態 シエラレオネ,シエラレオネ、エボラ拡大で非常事態宣言,【AFP＝時事】西アフリカ・シエラレオネのアーネスト・バイ・コロマ（Ernest Bai Koroma）大統領は7月31日、エボラ出血熱の流行を受けて非常事態を宣言した。(ＡＦＰ＝時事)
98,2014-07-31,エボラ熱 欧州やアジアで警戒,エボラ熱の拡大、欧州やアジアで警戒強まる,【AFP＝時事】西アフリカで流行しているエボラ出血熱について、欧州やアジアの当局が警戒感を示すなど、他の大陸への拡大の懸念が高まっている。(ＡＦＰ＝時事)
99,2014-07-30,エボラ熱 「英雄」医師も死亡,エボラ熱流行拡大のシエラレオネ、「国民的英雄」の医師も死亡,［フリータウン　２９日　ロイター］ - エボラ出血熱の感染が過去最悪の規模で拡大する西アフリカのシエラレオネで２９日、医療チームを率いていたシェイク・ウマル・カーン医師（３９）が感染により死亡した。(ロイター)
100,2014-07-02,エボラ出血熱の死者467人,エボラ熱の死者、467人＝西アフリカ3カ国に集中―WHO,　【ジュネーブ時事】世界保健機関（WHO）は1日、発熱と出血を起こす致死性の高い伝染病であるエボラ出血熱の感染者がギニア、リベリア、シエラレオネの西アフリカ3カ国で計759人に上り、このうち467人が死亡したと発表した。(時事通信)
101,2014-06-18,エボラ熱の死者300人超す WHO,エボラ熱の死者300人超える＝WHO,　【ジュネーブAFP＝時事】世界保健機関（WHO）は18日、西アフリカでのエボラ出血熱流行について最新の統計を発表し、今年に入ってからの感染による死者はギニア、シエラレオネ、リベリアの3カ国だけで計337人に達していることを明らかにした。(時事通信)
102,2014-04-09,エボラ熱流行 WHOが懸念表明,エボラ熱流行「難しい課題」＝WHO,　【ジュネーブAFP＝時事】世界保健機関（WHO）は8日、西アフリカでのエボラ出血熱流行について「難しい課題の一つになっている」と表明、克服にやや時間が必要という認識を示した。感染拡大に伴う一連の死者は111人に達したとみられている。　(時事通信)
